טבלת מיפוי מחשבים - טכנודע,,,,,
מיקום,מספר מחשבים,סוג נמחשב,מערכת הפעלה,דור המעבד,זכרון פנימי
אחזקה - חדר שרתים מצלמות,1,DELL Optiplex 7010,win10,I7- 3770,8
אחזקה מידן,1,DELL Optiplex 7020,win10,i5-4590,8
אחזקה - יוסי,1,DELL Optiplex 7060,win11,i5-8500,8
אחזקה - שליטה מרחוק,1,DELL Optiplex 7020,win10,i5-4590,8
אחזקה - מחשב נייד,1,Lenovo Thinkpad,win10,i7-6820,16
טכנולוגיה - מורה,1,DELL Optiplex 7010,win10,i7-3770,8
טכנולוגיה,14,DELL Optiplex 7010,win10,i7-3770,8
טכנולוגיה,1,DELL Optiplex 7020,win10,i5-4590,8
טכנולוגיה,10,Lenovo ThinkCentre,win11,i7-6700,16
דינה,1,DELL Optiplex 7090,win10,i5-10505,16
מרים,1,DELL Optiplex 7080,win11,i7-10700,16
מחשב נייד קבלה,1,DELL Latitude E5530,win10,i5-3210,4
מחשב קבלה dalpak1,1,DELL Optiplex 7040,win10,i5-6500,12
מחשב קבלה dalpak2,1,DELL Optiplex 7020,win10,i5-4590,8
קבלה - נעמי nomi,1,DELL Optiplex 7020,win10,i5-4590,8
שיווק קרן Keren,1,DELL,win11,i7-10700,16
שיווק 1,1,DELL Optiplex 3070,win10,i5-9500,8
שיווק 2,1,DELL Optiplex 3070,win10,i5-9500,8
שיווק 3,1,DELL Optiplex 7010,win10,i7-3770,8
גן ניצנים,1,Dell Optiplex 7050,win10,i7-7700,4
מרכז חץ - מור,1,DELL Optiplex 7010,win10,i7-3770,8
מרכז חץ,1,DELL Optiplex 7010,win10,i7-3770,8
הנהלת חשבונות - אנג'לינה,1,DELL Optiplex 7080,win10,i5-8500,4
הנהלת חשבונות - רונית,1,DELL Optiplex,win11,i5-13500,16
הנהלת חשבונות - שולי,1,DELL Optiplex,win10,i7-6700,16
מעבדה חץ - מחשב נייד,1,HP250,win10,Pentium 3825u,4
מעבדת אלקטרוניקה - מורה,1,DELL Optiplex 7020,win10,i5-4590,8
מחשבים 2,17,DELL Optiplex 7010,win11,i7-13700,16
מחשבים 2,8,HP Prodesk G6,win11,i7-10700,8
מחשבים 1,21,Dell Protower QBT1250,win11,Core ultra 7 265,16
יחידה רפואית א',1,DELL Optiplex 7020,win10,i5-4590,8
יחידה רפואית ב' VR,1,DELL Optiplex 7010,win10,i7-3770,8
מעבדה 1,1,DELL Optiplex 7010,win10,i7-3770,8
מעבדה 2,1,DELL Optiplex 7020,win10,i5-4590,4
מעבדה 3,1,Intel NUC 11PAH,win11,i5-1135,8
מעבדה 4,1,Dell Optiplex Micro 7010,win11,i5-13500,8
מעבדה 5,1,DELL Optiplex 7020,win10,i5-4590,8
מעבדה 6,1,DELL Optiplex 7020,win10,i5-4590,8
חדר מורים,3,DELL Optiplex 7060,win10,i5-7500,8
אמילי מחשב נייד,1,Lenovo Thinkpad,win11,i7-7820,16
חדר ישיבות,1,DELL Optiplex 7050,win10,i7-7500,8
,,,,,
לב - מחזור גדול,1,,win10,i3-10110,4
צריבת לב חדש,1,,win10,i5-7300,16
מרכיבי הדם,1,,win7,i5-6200,4
מאמץ הלב,1,,win7,i5-6200,4
מבנה הלב,1,,win7,i5-6200,4
גלגל גדול - דופק,1,,win7,i5-6200,4
דפיברילטור,1,,win10,i5-6200,4
משחק הדם הימני,1,,win11,i5-9500,8
משחק הדם השמאלי,1,,win11,i5-9500,8
צינטור לב,1,,win7,i5-5200,4
לחץ דם 3,1,,win7,i5-6200,4
מיקום הלב 3,1,,win7,i5-6200,4
חיידקים,7,,win7,i3-6100,8
בן או בת,1,,win7,i5-6200,4
תסמונת דאון,1,,win7,i5-6200,4
פולימורפיזם,1,,win7,i5-6200,4
אלבוניזם,1,,win7,i5-6200,4
עיוורון צבעים,1,,win7,i5-6200,4
סוגי דם,1,,win7,i5-6200,4
זיהוי פלילי,1,,win10,i3-10110,8
בועות אויר,1,,win10,i5-7300,16
סטטוסקופ,1,,win7,i5-6200,4
מוח נשימה,1,,win10,i5-7300,16
ברונכוסקופיה,1,,win7,i5-5200,4
פאזל נשימה,1,,win7,i5-6200,4
אמבו,1,,win11,i5-9500,8
נשימה במצבי קיצון,1,,win11,i3-1315,8
אלרגיה,1,,win11,i5-13500,8
חיוך שרירי הפנים,2,,win7,i5-6200,4
סורק 1,1,,win7,i5-6200,4
גידול מוח 3,1,,win7,i5-5200,4
זיכרון,1,,win7,i5-6200,4
משחק נוירונים,1,,win11,i3-1215,8
משחק נוירונים - כתיבה,1,,win7,i3-6100,8
משחק נוירונים 8,1,,win7,i3-6100,8
משחק נוירונים כדורסל,1,,win7,i3-6100,8
משחק נוירונים פסנתר,1,,win7,i3-6100,8
משחק נוירונים חיבור,1,,win7,i3-6100,8
עקיבת עין,1,,win10,i5-8259,8
צינתור מוח,1,,win7,i5-5200,4
פאזל מוח,1,,win7,i5-6200,4
דיסלקציה,1,,win7,i5-6200,4
רכב שיכור,1,,win10,i5-7300,16
ניוון שרירים,1,,win7,i5-6200,4
,,,,,
מעבדה - דן דן,1,,win10,i7-3770,8
טלוויזיה גדולה מרכז חץ,1,,win10,i7-10700,8
אלי,1,Lenovo Thinkpad,win11,i9-10885,32
אסנת צפון,1,Dell optiplex7050,win10,i5-7500,8
מעבדה - לירון,1,Dell optiplex7060,win10,i5-8500,8
מעבדה - אמירה,1,Dell optiplex7060,win10,i5-8500,8
מעבדה - דניאל,1,HP Prodesk 600,win10,i7-10700,8
מעיין שוורצר,1,HP Prodesk 600,win11,i7-10700,8
ויטה,1,Dell 3080,win10,i5-10505,8
דוד,1,Dell 7050,win11,i5-7500,8
שי-לי,1,Dell 7010,win10,i7-3770,8
מחשבים ניידים שי לי,16,,,,
מצפה כוכבים,1,Dell 7010,win10,i7-3770,8
חדר רכזים,5,Dell 7040,win10,i5-6500,8
אמילי,1,lenovo Ideapad,win11,i7-7820,16
שניר,1,Dell 7010,win11,i7-13700,16
אורית,1,DELL 3080,win11,i5 - 10505,16
"גדי - מנכ""ל",1,dell 7050,win11,i5- 7500,8
ספיר,1,Lenovo idepad 5,win11,i7-13620,16
ליד ספיר,1,Dell 7040,win10,i5-6500,16
,,,,,
טכנודע ישן:,,,,,
משרד למטה,1,Dell 7020,win10,i5-4590,8
חדר טלויזיה גדול למטה,1,Dell 7010,win10,i7-3770,8
חדר קטן למטה,1,Dell 7010,win10,i7-3770,8
חדר גדול ימני למעלה,1,Dell 7010,win10,i7-3770,8
חדר גדול אמצעי למעלה,1,Dell 7010,win10,i7-3770,8
חדר קטן למעלה,1,Dell 7010,win10,i7-3770,8
חדר מחשבים למעלה,8,Dell 7010,win10,i7-3770,8
חדר מחשבים למעלה,6,Dell 7010 קטנים,win10,i5-3470,8
,,,,,
,,,,,
,,,,,
,,,,,
,,,,,
,,,,,
,,,,,
,,,,,
,,,,,
,,,,,
,,,,,
,,,,,
,,,,,
,,,,,
,,,,,
,,,,,
,,,,,
,,,,,
,,,,,
,,,,,
,,,,,
,,,,,
,,,,,
,,,,,
,,,,,
,,,,,
,,,,,
,,,,,
,,,,,
,,,,,
,,,,,
,,,,,
,,,,,
,,,,,
,,,,,
,,,,,
,,,,,
,,,,,
,,,,,
,,,,,
,,,,,
,,,,,
,,,,,
,,,,,
,,,,,
,,,,,
,,,,,
,,,,,
,,,,,
,,,,,
,,,,,
,,,,,
,,,,,
,,,,,
,,,,,
,,,,,
,,,,,
,,,,,
,,,,,
,,,,,
,,,,,
,,,,,
,,,,,
,,,,,
,,,,,
,,,,,
,,,,,
,,,,,
,,,,,
,,,,,
,,,,,
,,,,,
,,,,,
,,,,,
,,,,,
,,,,,
,,,,,
,,,,,
,,,,,
,,,,,
,,,,,
,,,,,
,,,,,
,,,,,
,,,,,
,,,,,
,,,,,
,,,,,
,,,,,
,,,,,
,,,,,
,,,,,
,,,,,
,,,,,
,,,,,
,,,,,
,,,,,
,,,,,
,,,,,
,,,,,
,,,,,
,,,,,
,,,,,
,,,,,
,,,,,
,,,,,
,,,,,
,,,,,
,,,,,
,,,,,
,,,,,
,,,,,
,,,,,
,,,,,
,,,,,
,,,,,
,,,,,
,,,,,
,,,,,
,,,,,
,,,,,
,,,,,
,,,,,
,,,,,
,,,,,
,,,,,
,,,,,
,,,,,
,,,,,
,,,,,
,,,,,
,,,,,
,,,,,
,,,,,
,,,,,
,,,,,
,,,,,
,,,,,
,,,,,
,,,,,
,,,,,
,,,,,
,,,,,
,,,,,
,,,,,
,,,,,
,,,,,
,,,,,
,,,,,
,,,,,
,,,,,
,,,,,
,,,,,
,,,,,
,,,,,
,,,,,
,,,,,
,,,,,
,,,,,
,,,,,
,,,,,
,,,,,
,,,,,
,,,,,
,,,,,
,,,,,
,,,,,
,,,,,
,,,,,
,,,,,
,,,,,
,,,,,
,,,,,
,,,,,
,,,,,
,,,,,
,,,,,
,,,,,
,,,,,
,,,,,
,,,,,
,,,,,
,,,,,
,,,,,
,,,,,
,,,,,
,,,,,
,,,,,
,,,,,
,,,,,
,,,,,
,,,,,
,,,,,
,,,,,
,,,,,
,,,,,
,,,,,
,,,,,
,,,,,
,,,,,
,,,,,
,,,,,
,,,,,
,,,,,
,,,,,
,,,,,
,,,,,
,,,,,
,,,,,
,,,,,
,,,,,
,,,,,
,,,,,
,,,,,
,,,,,
,,,,,
,,,,,
,,,,,
,,,,,
,,,,,
,,,,,
,,,,,
,,,,,
,,,,,
,,,,,
,,,,,
,,,,,
,,,,,
,,,,,
,,,,,
,,,,,
,,,,,
,,,,,
,,,,,
,,,,,
,,,,,
,,,,,
,,,,,
,,,,,
,,,,,
,,,,,
,,,,,
,,,,,
,,,,,
,,,,,
,,,,,
,,,,,
,,,,,
,,,,,
,,,,,
,,,,,
,,,,,
,,,,,
,,,,,
,,,,,
,,,,,
,,,,,
,,,,,
,,,,,
,,,,,
,,,,,
,,,,,
,,,,,
,,,,,
,,,,,
,,,,,
,,,,,
,,,,,
,,,,,
,,,,,
,,,,,
,,,,,
,,,,,
,,,,,
,,,,,
,,,,,
,,,,,
,,,,,
,,,,,
,,,,,
,,,,,
,,,,,
,,,,,
,,,,,
,,,,,
,,,,,
,,,,,
,,,,,
,,,,,
,,,,,
,,,,,
,,,,,
,,,,,
,,,,,
,,,,,
,,,,,
,,,,,
,,,,,
,,,,,
,,,,,
,,,,,
,,,,,
,,,,,
,,,,,
,,,,,
,,,,,
,,,,,
,,,,,
,,,,,
,,,,,
,,,,,
,,,,,
,,,,,
,,,,,
,,,,,
,,,,,
,,,,,
,,,,,
,,,,,
,,,,,
,,,,,
,,,,,
,,,,,
,,,,,
,,,,,
,,,,,
,,,,,
,,,,,
,,,,,
,,,,,
,,,,,
,,,,,
,,,,,
,,,,,
,,,,,
,,,,,
,,,,,
,,,,,
,,,,,
,,,,,
,,,,,
,,,,,
,,,,,
,,,,,
,,,,,
,,,,,
,,,,,
,,,,,
,,,,,
,,,,,
,,,,,
,,,,,
,,,,,
,,,,,
,,,,,
,,,,,
,,,,,
,,,,,
,,,,,
,,,,,
,,,,,
,,,,,
,,,,,
,,,,,
,,,,,
,,,,,
,,,,,
,,,,,
,,,,,
,,,,,
,,,,,
,,,,,
,,,,,
,,,,,
,,,,,
,,,,,
,,,,,
,,,,,
,,,,,
,,,,,
,,,,,
,,,,,
,,,,,
,,,,,
,,,,,
,,,,,
,,,,,
,,,,,
,,,,,
,,,,,
,,,,,
,,,,,
,,,,,
,,,,,
,,,,,
,,,,,
,,,,,
,,,,,
,,,,,
,,,,,
,,,,,
,,,,,
,,,,,
,,,,,
,,,,,
,,,,,
,,,,,
,,,,,
,,,,,
,,,,,
,,,,,
,,,,,
,,,,,
,,,,,
,,,,,
,,,,,
,,,,,
,,,,,
,,,,,
,,,,,
,,,,,
,,,,,
,,,,,
,,,,,
,,,,,
,,,,,
,,,,,
,,,,,
,,,,,
,,,,,
,,,,,
,,,,,
,,,,,
,,,,,
,,,,,
,,,,,
,,,,,
,,,,,
,,,,,
,,,,,
,,,,,
,,,,,
,,,,,
,,,,,
,,,,,
,,,,,
,,,,,
,,,,,
,,,,,
,,,,,
,,,,,
,,,,,
,,,,,
,,,,,
,,,,,
,,,,,
,,,,,
,,,,,
,,,,,
,,,,,
,,,,,
,,,,,
,,,,,
,,,,,
,,,,,
,,,,,
,,,,,
,,,,,
,,,,,
,,,,,
,,,,,
,,,,,
,,,,,
,,,,,
,,,,,
,,,,,
,,,,,
,,,,,
,,,,,
,,,,,
,,,,,
,,,,,
,,,,,
,,,,,
,,,,,
,,,,,
,,,,,
,,,,,
,,,,,
,,,,,
,,,,,
,,,,,
,,,,,
,,,,,
,,,,,
,,,,,
,,,,,
,,,,,
,,,,,
,,,,,
,,,,,
,,,,,
,,,,,
,,,,,
,,,,,
,,,,,
,,,,,
,,,,,
,,,,,
,,,,,
,,,,,
,,,,,
,,,,,
,,,,,
,,,,,
,,,,,
,,,,,
,,,,,
,,,,,
,,,,,
,,,,,
,,,,,
,,,,,
,,,,,
,,,,,
,,,,,
,,,,,
,,,,,
,,,,,
,,,,,
,,,,,
,,,,,
,,,,,
,,,,,
,,,,,
,,,,,
,,,,,
,,,,,
,,,,,
,,,,,
,,,,,
,,,,,
,,,,,
,,,,,
,,,,,
,,,,,
,,,,,
,,,,,
,,,,,
,,,,,
,,,,,
,,,,,
,,,,,
,,,,,
,,,,,
,,,,,
,,,,,
,,,,,
,,,,,
,,,,,
,,,,,
,,,,,
,,,,,
,,,,,
,,,,,
,,,,,
,,,,,
,,,,,
,,,,,
,,,,,
,,,,,
,,,,,
,,,,,
,,,,,
,,,,,
,,,,,
,,,,,
,,,,,
,,,,,
,,,,,
,,,,,
,,,,,
,,,,,
,,,,,
,,,,,
,,,,,
,,,,,
,,,,,
,,,,,
,,,,,
,,,,,
,,,,,
,,,,,
,,,,,
,,,,,
,,,,,
,,,,,
,,,,,
,,,,,
,,,,,
,,,,,
,,,,,
,,,,,
,,,,,
,,,,,
,,,,,
,,,,,
,,,,,
,,,,,
,,,,,
,,,,,
,,,,,
,,,,,
,,,,,
,,,,,
,,,,,
,,,,,
,,,,,
,,,,,
,,,,,
,,,,,
,,,,,
,,,,,
,,,,,
,,,,,
,,,,,
,,,,,
,,,,,
,,,,,
,,,,,
,,,,,
,,,,,
,,,,,
,,,,,
,,,,,
,,,,,
,,,,,
,,,,,
,,,,,
,,,,,
,,,,,
,,,,,
,,,,,
,,,,,
,,,,,
,,,,,
,,,,,
,,,,,
,,,,,
,,,,,
,,,,,
,,,,,
,,,,,
,,,,,
,,,,,
,,,,,
,,,,,
,,,,,
,,,,,
,,,,,
,,,,,
,,,,,
,,,,,
,,,,,
,,,,,
,,,,,
,,,,,
,,,,,
,,,,,
,,,,,
,,,,,
,,,,,
,,,,,
,,,,,
,,,,,
,,,,,
,,,,,
,,,,,
,,,,,
,,,,,
,,,,,
,,,,,
,,,,,
,,,,,
,,,,,
,,,,,
,,,,,
,,,,,
,,,,,
,,,,,
,,,,,
,,,,,
,,,,,
,,,,,
,,,,,
,,,,,
,,,,,
,,,,,
,,,,,
,,,,,
,,,,,
,,,,,
,,,,,
,,,,,
,,,,,
,,,,,
,,,,,
,,,,,
,,,,,
,,,,,
,,,,,
,,,,,
,,,,,
,,,,,
,,,,,
,,,,,
,,,,,
,,,,,
,,,,,
,,,,,
,,,,,
,,,,,
,,,,,
,,,,,
,,,,,
,,,,,
,,,,,
,,,,,
,,,,,
,,,,,
,,,,,
,,,,,
,,,,,
,,,,,
,,,,,
,,,,,
,,,,,
,,,,,
,,,,,
,,,,,
,,,,,
,,,,,
,,,,,
,,,,,
,,,,,
,,,,,
,,,,,
,,,,,
,,,,,
,,,,,
,,,,,
,,,,,
,,,,,
,,,,,
,,,,,
,,,,,
,,,,,
,,,,,
,,,,,
,,,,,
,,,,,
,,,,,
,,,,,
,,,,,
,,,,,
,,,,,
,,,,,
,,,,,
,,,,,
,,,,,
,,,,,
,,,,,
,,,,,
,,,,,
,,,,,
,,,,,
,,,,,
,,,,,
,,,,,
,,,,,
,,,,,
,,,,,
,,,,,
,,,,,
,,,,,
,,,,,
,,,,,
,,,,,
,,,,,
,,,,,
,,,,,
,,,,,
,,,,,
,,,,,
,,,,,
,,,,,
,,,,,
,,,,,
,,,,,
,,,,,
,,,,,
,,,,,
,,,,,
,,,,,
,,,,,
,,,,,
,,,,,
,,,,,
,,,,,
,,,,,
,,,,,
,,,,,
,,,,,
,,,,,
,,,,,
,,,,,
,,,,,
,,,,,
,,,,,
,,,,,
,,,,,
,,,,,
,,,,,
,,,,,
,,,,,
,,,,,
,,,,,
