טבלת מיפוי מחשבים - טכנודע,,,,,,,
מיקום,מספר מחשבים,סוג נמחשב,מערכת הפעלה,דור המעבד,זכרון פנימי,דחיפות החלפה,מתחם
אחזקה - חדר שרתים מצלמות,1,DELL Optiplex 7010,win10,I7- 3770,8,קריטי - החלפה מיידית,טכנודע
אחזקה מידן,1,DELL Optiplex 7020,win10,i5-4590,8,דחוף - החלפה בשנה הבאה,טכנודע
אחזקה - יוסי,1,DELL Optiplex 7060,win11,i5-8500,8,נמוך - החלפה בעוד 4 שנים ומעלה,טכנודע
אחזקה - שליטה מרחוק,1,DELL Optiplex 7020,win10,i5-4590,8,דחוף - החלפה בשנה הבאה,טכנודע
אחזקה - מחשב נייד,1,Lenovo Thinkpad,win10,i7-6820,16,גבוה - החלפה בעוד שנתיים,טכנודע
טכנולוגיה - מורה,1,DELL Optiplex 7010,win10,i7-3770,8,קריטי - החלפה מיידית,טכנודע
טכנולוגיה,14,DELL Optiplex 7010,win10,i7-3770,8,קריטי - החלפה מיידית,טכנודע
טכנולוגיה,1,DELL Optiplex 7020,win10,i5-4590,8,דחוף - החלפה בשנה הבאה,טכנודע
טכנולוגיה,10,Lenovo ThinkCentre,win11,i7-6700,16,גבוה - החלפה בעוד שנתיים,טכנודע
דינה,1,DELL Optiplex 7090,win10,i5-10505,16,לא נדרשת החלפה בזמן הקרוב,טכנודע
מרים,1,DELL Optiplex 7080,win11,i7-10700,16,לא נדרשת החלפה בזמן הקרוב,טכנודע
מחשב נייד קבלה,1,DELL Latitude E5530,win10,i5-3210,4,קריטי - החלפה מיידית,טכנודע
מחשב קבלה dalpak1,1,DELL Optiplex 7040,win10,i5-6500,12,גבוה - החלפה בעוד שנתיים,טכנודע
מחשב קבלה dalpak2,1,DELL Optiplex 7020,win10,i5-4590,8,דחוף - החלפה בשנה הבאה,טכנודע
קבלה - נעמי nomi,1,DELL Optiplex 7020,win10,i5-4590,8,דחוף - החלפה בשנה הבאה,טכנודע
שיווק קרן Keren,1,DELL,win11,i7-10700,16,לא נדרשת החלפה בזמן הקרוב,טכנודע
שיווק 1,1,DELL Optiplex 3070,win10,i5-9500,8,נמוך - החלפה בעוד 4 שנים ומעלה,טכנודע
שיווק 2,1,DELL Optiplex 3070,win10,i5-9500,8,נמוך - החלפה בעוד 4 שנים ומעלה,טכנודע
שיווק 3,1,DELL Optiplex 7010,win10,i7-3770,8,קריטי - החלפה מיידית,טכנודע
גן ניצנים,1,Dell Optiplex 7050,win10,i7-7700,4,בינוני - החלפה בעוד 3 שנים,טכנודע
מרכז חץ - מור,1,DELL Optiplex 7010,win10,i7-3770,8,קריטי - החלפה מיידית,טכנודע
מרכז חץ,1,DELL Optiplex 7010,win10,i7-3770,8,קריטי - החלפה מיידית,טכנודע
הנהלת חשבונות - אנג'לינה,1,DELL Optiplex 7080,win10,i5-8500,4,נמוך - החלפה בעוד 4 שנים ומעלה,טכנודע
הנהלת חשבונות - רונית,1,DELL Optiplex,win11,i5-13500,16,מחשבים מעולים לשנים קדימה,טכנודע
הנהלת חשבונות - שולי,1,DELL Optiplex,win10,i7-6700,16,גבוה - החלפה בעוד שנתיים,טכנודע
מעבדה חץ - מחשב נייד,1,HP250,win10,Pentium 3825u,4,קריטי - החלפה מיידית,טכנודע
מעבדת אלקטרוניקה - מורה,1,DELL Optiplex 7020,win10,i5-4590,8,דחוף - החלפה בשנה הבאה,טכנודע
מחשבים 2,17,DELL Optiplex 7010,win11,i7-13700,16,מחשבים מעולים לשנים קדימה,טכנודע
מחשבים 2,8,HP Prodesk G6,win11,i7-10700,8,לא נדרשת החלפה בזמן הקרוב,טכנודע
מחשבים 1,21,Dell Protower QBT1250,win11,Core ultra 7 265,16,מחשבים מעולים לשנים קדימה,טכנודע
יחידה רפואית א',1,DELL Optiplex 7020,win10,i5-4590,8,דחוף - החלפה בשנה הבאה,טכנודע
יחידה רפואית ב' VR,1,DELL Optiplex 7010,win10,i7-3770,8,קריטי - החלפה מיידית,טכנודע
מעבדה 1,1,DELL Optiplex 7010,win10,i7-3770,8,קריטי - החלפה מיידית,טכנודע
מעבדה 2,1,DELL Optiplex 7020,win10,i5-4590,4,דחוף - החלפה בשנה הבאה,טכנודע
מעבדה 3,1,Intel NUC 11PAH,win11,i5-1135,8,לא נדרשת החלפה בזמן הקרוב,טכנודע
מעבדה 4,1,Dell Optiplex Micro 7010,win11,i5-13500,8,מחשבים מעולים לשנים קדימה,טכנודע
מעבדה 5,1,DELL Optiplex 7020,win10,i5-4590,8,דחוף - החלפה בשנה הבאה,טכנודע
מעבדה 6,1,DELL Optiplex 7020,win10,i5-4590,8,דחוף - החלפה בשנה הבאה,טכנודע
חדר מורים,3,DELL Optiplex 7060,win10,i5-7500,8,בינוני - החלפה בעוד 3 שנים,טכנודע
אמילי מחשב נייד,1,Lenovo Thinkpad,win11,i7-7820,16,בינוני - החלפה בעוד 3 שנים,טכנודע
חדר ישיבות,1,DELL Optiplex 7050,win10,i7-7500,8,בינוני - החלפה בעוד 3 שנים,טכנודע
,,,,,,,
לב - מחזור גדול,1,,win10,i3-10110,4,לא נדרשת החלפה בזמן הקרוב,טכנודע
צריבת לב חדש,1,,win10,i5-7300,16,בינוני - החלפה בעוד 3 שנים,טכנודע
מרכיבי הדם,1,,win7,i5-6200,4,גבוה - החלפה בעוד שנתיים,טכנודע
מאמץ הלב,1,,win7,i5-6200,4,גבוה - החלפה בעוד שנתיים,טכנודע
מבנה הלב,1,,win7,i5-6200,4,גבוה - החלפה בעוד שנתיים,טכנודע
גלגל גדול - דופק,1,,win7,i5-6200,4,גבוה - החלפה בעוד שנתיים,טכנודע
דפיברילטור,1,,win10,i5-6200,4,גבוה - החלפה בעוד שנתיים,טכנודע
משחק הדם הימני,1,,win11,i5-9500,8,נמוך - החלפה בעוד 4 שנים ומעלה,טכנודע
משחק הדם השמאלי,1,,win11,i5-9500,8,נמוך - החלפה בעוד 4 שנים ומעלה,טכנודע
צינטור לב,1,,win7,i5-5200,4,דחוף - החלפה בשנה הבאה,טכנודע
לחץ דם 3,1,,win7,i5-6200,4,גבוה - החלפה בעוד שנתיים,טכנודע
מיקום הלב 3,1,,win7,i5-6200,4,גבוה - החלפה בעוד שנתיים,טכנודע
חיידקים,7,,win7,i3-6100,8,גבוה - החלפה בעוד שנתיים,טכנודע
בן או בת,1,,win7,i5-6200,4,גבוה - החלפה בעוד שנתיים,טכנודע
תסמונת דאון,1,,win7,i5-6200,4,גבוה - החלפה בעוד שנתיים,טכנודע
פולימורפיזם,1,,win7,i5-6200,4,גבוה - החלפה בעוד שנתיים,טכנודע
אלבוניזם,1,,win7,i5-6200,4,גבוה - החלפה בעוד שנתיים,טכנודע
עיוורון צבעים,1,,win7,i5-6200,4,גבוה - החלפה בעוד שנתיים,טכנודע
סוגי דם,1,,win7,i5-6200,4,גבוה - החלפה בעוד שנתיים,טכנודע
זיהוי פלילי,1,,win10,i3-10110,8,לא נדרשת החלפה בזמן הקרוב,טכנודע
בועות אויר,1,,win10,i5-7300,16,בינוני - החלפה בעוד 3 שנים,טכנודע
סטטוסקופ,1,,win7,i5-6200,4,גבוה - החלפה בעוד שנתיים,טכנודע
מוח נשימה,1,,win10,i5-7300,16,בינוני - החלפה בעוד 3 שנים,טכנודע
ברונכוסקופיה,1,,win7,i5-5200,4,דחוף - החלפה בשנה הבאה,טכנודע
פאזל נשימה,1,,win7,i5-6200,4,גבוה - החלפה בעוד שנתיים,טכנודע
אמבו,1,,win11,i5-9500,8,נמוך - החלפה בעוד 4 שנים ומעלה,טכנודע
נשימה במצבי קיצון,1,,win11,i3-1315,8,מחשבים מעולים לשנים קדימה,טכנודע
אלרגיה,1,,win11,i5-13500,8,מחשבים מעולים לשנים קדימה,טכנודע
חיוך שרירי הפנים,2,,win7,i5-6200,4,גבוה - החלפה בעוד שנתיים,טכנודע
סורק 1,1,,win7,i5-6200,4,גבוה - החלפה בעוד שנתיים,טכנודע
גידול מוח 3,1,,win7,i5-5200,4,דחוף - החלפה בשנה הבאה,טכנודע
זיכרון,1,,win7,i5-6200,4,גבוה - החלפה בעוד שנתיים,טכנודע
משחק נוירונים,1,,win11,i3-1215,8,מחשבים מעולים לשנים קדימה,טכנודע
משחק נוירונים - כתיבה,1,,win7,i3-6100,8,גבוה - החלפה בעוד שנתיים,טכנודע
משחק נוירונים 8,1,,win7,i3-6100,8,גבוה - החלפה בעוד שנתיים,טכנודע
משחק נוירונים כדורסל,1,,win7,i3-6100,8,גבוה - החלפה בעוד שנתיים,טכנודע
משחק נוירונים פסנתר,1,,win7,i3-6100,8,גבוה - החלפה בעוד שנתיים,טכנודע
משחק נוירונים חיבור,1,,win7,i3-6100,8,גבוה - החלפה בעוד שנתיים,טכנודע
עקיבת עין,1,,win10,i5-8259,8,נמוך - החלפה בעוד 4 שנים ומעלה,טכנודע
צינתור מוח,1,,win7,i5-5200,4,דחוף - החלפה בשנה הבאה,טכנודע
פאזל מוח,1,,win7,i5-6200,4,גבוה - החלפה בעוד שנתיים,טכנודע
דיסלקציה,1,,win7,i5-6200,4,גבוה - החלפה בעוד שנתיים,טכנודע
רכב שיכור,1,,win10,i5-7300,16,בינוני - החלפה בעוד 3 שנים,טכנודע
ניוון שרירים,1,,win7,i5-6200,4,גבוה - החלפה בעוד שנתיים,טכנודע
,,,,,,,
מעבדה - דן דן,1,,win10,i7-3770,8,קריטי - החלפה מיידית,טכנודע
טלוויזיה גדולה מרכז חץ,1,,win10,i7-10700,8,לא נדרשת החלפה בזמן הקרוב,טכנודע
אלי,1,Lenovo Thinkpad,win11,i9-10885,32,לא נדרשת החלפה בזמן הקרוב,טכנודע
אסנת צפון,1,Dell optiplex7050,win10,i5-7500,8,בינוני - החלפה בעוד 3 שנים,טכנודע
מעבדה - לירון,1,Dell optiplex7060,win10,i5-8500,8,נמוך - החלפה בעוד 4 שנים ומעלה,טכנודע
מעבדה - אמירה,1,Dell optiplex7060,win10,i5-8500,8,נמוך - החלפה בעוד 4 שנים ומעלה,טכנודע
מעבדה - דניאל,1,HP Prodesk 600,win10,i7-10700,8,לא נדרשת החלפה בזמן הקרוב,טכנודע
מעיין שוורצר,1,HP Prodesk 600,win11,i7-10700,8,לא נדרשת החלפה בזמן הקרוב,טכנודע
ויטה,1,Dell 3080,win10,i5-10505,8,לא נדרשת החלפה בזמן הקרוב,טכנודע
דוד,1,Dell 7050,win11,i5-7500,8,בינוני - החלפה בעוד 3 שנים,טכנודע
שי-לי,1,Dell 7010,win10,i7-3770,8,קריטי - החלפה מיידית,טכנודע
מחשבים ניידים שי לי,16,,,,,לא נדרשת החלפה בזמן הקרוב,טכנודע
מצפה כוכבים,1,Dell 7010,win10,i7-3770,8,קריטי - החלפה מיידית,טכנודע
חדר רכזים,5,Dell 7040,win10,i5-6500,8,גבוה - החלפה בעוד שנתיים,טכנודע
אמילי,1,lenovo Ideapad,win11,i7-7820,16,בינוני - החלפה בעוד 3 שנים,טכנודע
שניר,1,Dell 7010,win11,i7-13700,16,מחשבים מעולים לשנים קדימה,טכנודע
אורית,1,DELL 3080,win11,i5 - 10505,16,לא נדרשת החלפה בזמן הקרוב,טכנודע
"גדי - מנכ""ל",1,dell 7050,win11,i5- 7500,8,בינוני - החלפה בעוד 3 שנים,טכנודע
ספיר,1,Lenovo idepad 5,win11,i7-13620,16,מחשבים מעולים לשנים קדימה,טכנודע
ליד ספיר,1,Dell 7040,win10,i5-6500,16,גבוה - החלפה בעוד שנתיים,טכנודע
,,,,,,,
טכנודע ישן:,,,,,,,
משרד למטה,1,Dell 7020,win10,i5-4590,8,דחוף - החלפה בשנה הבאה,טכנודע ישן
חדר טלויזיה גדול למטה,1,Dell 7010,win10,i7-3770,8,קריטי - החלפה מיידית,טכנודע ישן
חדר קטן למטה,1,Dell 7010,win10,i7-3770,8,קריטי - החלפה מיידית,טכנודע ישן
חדר גדול ימני למעלה,1,Dell 7010,win10,i7-3770,8,קריטי - החלפה מיידית,טכנודע ישן
חדר גדול אמצעי למעלה,1,Dell 7010,win10,i7-3770,8,קריטי - החלפה מיידית,טכנודע ישן
חדר קטן למעלה,1,Dell 7010,win10,i7-3770,8,קריטי - החלפה מיידית,טכנודע ישן
חדר מחשבים למעלה,8,Dell 7010,win10,i7-3770,8,קריטי - החלפה מיידית,טכנודע ישן
חדר מחשבים למעלה,6,Dell 7010 קטנים,win10,i5-3470,8,קריטי - החלפה מיידית,טכנודע ישן
